{
  "Sample": {
    "Title": "A .NET 4.5 WPF application that authenticates a user and calls web API using Azure AD and OAuth 2.0 access tokens.",
    "Level": 200,
    "Client": "Desktop (WPF)",
    "Service": "ASP.NET Web API"
  },

  /*
    This section describes the Azure AD Applications to configure, and their dependencies
  */
  "AADApps": [
    {
      "Id": "service",
      "Name": "TodoListService-NativeDotNet",
      "IsPublicClient": false,
      "HomePage": "https://localhost:44321/"
    },
    {
      "Id": "client",
      "Name": "TodoListClient-NativeDotNet",
      "IsPublicClient": true,
      "RequiredResourcesAccess": [
        {
          "Resource": "service",
          "DelegatedPermissions": [ "user_impersonation" ]
        }
      ]
    }
  ],

  /*
    This section describes how to update the code in configuration files from the apps coordinates, once the apps
    are created in Azure AD.
    Each section describes a configuration file, for one of the apps, it's type (XML, JSon, plain text), its location
    with respect to the root of the sample, and the mappping (which string in the config file is mapped to which value
  */
  "CodeConfiguration": [
    {
      "App": "service",
      "SettingKind": "XML",
      "SettingFile": "\\..\\TodoListService\\Web.Config",
      "Mappings": [
        {
          "key": "ida:Tenant",
          "value": "$tenantName"
        },
        {
          "key": "ida:Audience",
          "value": "service.IdentifierUris"
        }
      ]
    },

    {
      "App": "client",
      "SettingKind": "XML",
      "SettingFile": "\\..\\TodoListClient\\App.Config",
      "Mappings": [
        {
          "key": "ida:Tenant",
          "value": "$tenantName"
        },
        {
          "key": "ida:ClientId",
          "value": ".AppId"
        },
        {
          "key": "ida:RedirectUri",
          "value": ".ReplyUrls"
        },
        {
          "key": "todo:TodoListResourceId",
          "value": "service.IdentifierUris"
        },
        {
          "key": "todo:TodoListBaseAddress",
          "value": "service.HomePage"
        }
      ]
    }
  ]
}
